<?xml version="1.0"?>
<!DOCTYPE hibernate-mapping PUBLIC
        "-//Hibernate/Hibernate Mapping DTD 3.0//EN"
        "http://hibernate.sourceforge.net/hibernate-mapping-3.0.dtd">
<hibernate-mapping>
    <class name="il.ac.hit.model.CostItem" table="PRODUCTS">
        <id name="id" type="int" column="ID">
        </id>
        <property name="name" column="NAME"/>
        <property name="price" column="PRICE"/>
        <property name="description" column="DESCRIPTION"/>
        <property name="date" column="DATE"/>
        <property name="category" column="CATEGORY"/>
        <property name="user" column="USER"/>
        
        
    </class>
</hibernate-mapping>